unit,name,lithology,era,interval,top_age_ma,base_age_ma,lith,source
2719256,"Biotitic gneiss, schist, and migmatite",gneiss,Proterozoic,Paleoproterozoic,1600,2500,"Major:{biotite gneiss,schist,migmatite}, Minor:{gneiss,calc silicate schist,marble}","Original map source: Green, G.N., 1992, The Digital Geologic Map of Colorado in ARC/INFO Format: U.S. Geological Survey Open-File Report 92-0507, 9 p., scale 1:500,000. Primary reference: Tweto, Ogden, 1979, Geologic Map of Colorado:  U.S. Geological Survey Special Geologic Map, scale 1:500,000."
2719277,Older gravels and alluviums,alluvium,Cenozoic,Pleistocene,0.126,1.806,Major:{unconsolidated gravel},"Original map source: Green, G.N., 1992, The Digital Geologic Map of Colorado in ARC/INFO Format: U.S. Geological Survey Open-File Report 92-0507, 9 p., scale 1:500,000. Primary reference: Tweto, Ogden, 1979, Geologic Map of Colorado:  U.S. Geological Survey Special Geologic Map, scale 1:500,000."
2720676,Granitic rocks of 1400-m.y. age group,granite,Proterozoic,Mesoproterozoic,1000,1600,"Major:{alkali feldspar granite,granite}, Minor:{quartz monzonite}","Original map source: Green, G.N., 1992, The Digital Geologic Map of Colorado in ARC/INFO Format: U.S. Geological Survey Open-File Report 92-0507, 9 p., scale 1:500,000. Primary reference: Tweto, Ogden, 1979, Geologic Map of Colorado:  U.S. Geological Survey Special Geologic Map, scale 1:500,000."
2723657,Laramie Fm and Fox Hills Sandstone,sandstone,Mesozoic,Late Cretaceous,69.0805,74.975,"Major:{sandstone,shale,claystone}","Original map source: Green, G.N., 1992, The Digital Geologic Map of Colorado in ARC/INFO Format: U.S. Geological Survey Open-File Report 92-0507, 9 p., scale 1:500,000. Primary reference: Tweto, Ogden, 1979, Geologic Map of Colorado:  U.S. Geological Survey Special Geologic Map, scale 1:500,000."
2731039,Pierre Shale--Middle unit,shale,Mesozoic,Late Cretaceous,74.975,84.275,"Major:{shale}, Minor:{sandstone}","Original map source: Green, G.N., 1992, The Digital Geologic Map of Colorado in ARC/INFO Format: U.S. Geological Survey Open-File Report 92-0507, 9 p., scale 1:500,000. Primary reference: Tweto, Ogden, 1979, Geologic Map of Colorado:  U.S. Geological Survey Special Geologic Map, scale 1:500,000."
2740920,Colorado Group,shale,Mesozoic,Late Cretaceous,84.275,100.5,"Major:{shale,limestone}","Original map source: Green, G.N., 1992, The Digital Geologic Map of Colorado in ARC/INFO Format: U.S. Geological Survey Open-File Report 92-0507, 9 p., scale 1:500,000. Primary reference: Tweto, Ogden, 1979, Geologic Map of Colorado:  U.S. Geological Survey Special Geologic Map, scale 1:500,000."
2753594,Pierre Shale--Upper unit,shale,Mesozoic,Late Cretaceous,74.975,84.275,Major:{shale},"Original map source: Green, G.N., 1992, The Digital Geologic Map of Colorado in ARC/INFO Format: U.S. Geological Survey Open-File Report 92-0507, 9 p., scale 1:500,000. Primary reference: Tweto, Ogden, 1979, Geologic Map of Colorado:  U.S. Geological Survey Special Geologic Map, scale 1:500,000."
2764857,water,,,,,,,"Original map source: Green, G.N., 1992, The Digital Geologic Map of Colorado in ARC/INFO Format: U.S. Geological Survey Open-File Report 92-0507, 9 p., scale 1:500,000."
2765597,water,,,,,,,"Original map source: Green, G.N., 1992, The Digital Geologic Map of Colorado in ARC/INFO Format: U.S. Geological Survey Open-File Report 92-0507, 9 p., scale 1:500,000."
2809194,Granitic rocks of 1700-m.y. age group,granite,Proterozoic,Paleoproterozoic,1600,2500,"Major:{granite}, Minor:{granodiorite,quartz monzonite}","Original map source: Green, G.N., 1992, The Digital Geologic Map of Colorado in ARC/INFO Format: U.S. Geological Survey Open-File Report 92-0507, 9 p., scale 1:500,000. Primary reference: Tweto, Ogden, 1979, Geologic Map of Colorado:  U.S. Geological Survey Special Geologic Map, scale 1:500,000."
2809559,Pierre Shale--Lower unit,shale,Mesozoic,Late Cretaceous,74.975,84.275,"Major:{shale}, Minor:{bentonite}","Original map source: Green, G.N., 1992, The Digital Geologic Map of Colorado in ARC/INFO Format: U.S. Geological Survey Open-File Report 92-0507, 9 p., scale 1:500,000. Primary reference: Tweto, Ogden, 1979, Geologic Map of Colorado:  U.S. Geological Survey Special Geologic Map, scale 1:500,000."
2813573,Basaltic flows in Denver Fm near Golden,basalt,Mesozoic,Phanerozoic,65.2667,67.037,Major:{basalt},"Original map source: Green, G.N., 1992, The Digital Geologic Map of Colorado in ARC/INFO Format: U.S. Geological Survey Open-File Report 92-0507, 9 p., scale 1:500,000. Primary reference: Tweto, Ogden, 1979, Geologic Map of Colorado:  U.S. Geological Survey Special Geologic Map, scale 1:500,000."
2813702,Fountain Fm,sandstone,Paleozoic,Paleozoic,294.675,320.05,"Major:{arkose,conglomerate}","Original map source: Green, G.N., 1992, The Digital Geologic Map of Colorado in ARC/INFO Format: U.S. Geological Survey Open-File Report 92-0507, 9 p., scale 1:500,000. Primary reference: Tweto, Ogden, 1979, Geologic Map of Colorado:  U.S. Geological Survey Special Geologic Map, scale 1:500,000."
2818367,Older gravels and alluviums,alluvium,Cenozoic,Pleistocene,0.126,1.806,Major:{unconsolidated gravel},"Original map source: Green, G.N., 1992, The Digital Geologic Map of Colorado in ARC/INFO Format: U.S. Geological Survey Open-File Report 92-0507, 9 p., scale 1:500,000. Primary reference: Tweto, Ogden, 1979, Geologic Map of Colorado:  U.S. Geological Survey Special Geologic Map, scale 1:500,000."
2822474,Pierre Shale--Upper unit,shale,Mesozoic,Late Cretaceous,74.975,84.275,Major:{shale},"Original map source: Green, G.N., 1992, The Digital Geologic Map of Colorado in ARC/INFO Format: U.S. Geological Survey Open-File Report 92-0507, 9 p., scale 1:500,000. Primary reference: Tweto, Ogden, 1979, Geologic Map of Colorado:  U.S. Geological Survey Special Geologic Map, scale 1:500,000."
2824308,Older gravels and alluviums,alluvium,Cenozoic,Pleistocene,0.126,1.806,Major:{unconsolidated gravel},"Original map source: Green, G.N., 1992, The Digital Geologic Map of Colorado in ARC/INFO Format: U.S. Geological Survey Open-File Report 92-0507, 9 p., scale 1:500,000. Primary reference: Tweto, Ogden, 1979, Geologic Map of Colorado:  U.S. Geological Survey Special Geologic Map, scale 1:500,000."
2825373,Laramie Fm and Fox Hills Sandstone,sandstone,Mesozoic,Late Cretaceous,69.0805,74.975,"Major:{sandstone,shale,claystone}","Original map source: Green, G.N., 1992, The Digital Geologic Map of Colorado in ARC/INFO Format: U.S. Geological Survey Open-File Report 92-0507, 9 p., scale 1:500,000. Primary reference: Tweto, Ogden, 1979, Geologic Map of Colorado:  U.S. Geological Survey Special Geologic Map, scale 1:500,000."
2831137,Granitic rocks of 1400-m.y. age group,granite,Proterozoic,Mesoproterozoic,1000,1600,"Major:{alkali feldspar granite,granite}, Minor:{quartz monzonite}","Original map source: Green, G.N., 1992, The Digital Geologic Map of Colorado in ARC/INFO Format: U.S. Geological Survey Open-File Report 92-0507, 9 p., scale 1:500,000. Primary reference: Tweto, Ogden, 1979, Geologic Map of Colorado:  U.S. Geological Survey Special Geologic Map, scale 1:500,000."
2832435,"Biotitic gneiss, schist, and migmatite",gneiss,Proterozoic,Paleoproterozoic,1600,2500,"Major:{biotite gneiss,schist,migmatite}, Minor:{gneiss,calc silicate schist,marble}","Original map source: Green, G.N., 1992, The Digital Geologic Map of Colorado in ARC/INFO Format: U.S. Geological Survey Open-File Report 92-0507, 9 p., scale 1:500,000. Primary reference: Tweto, Ogden, 1979, Geologic Map of Colorado:  U.S. Geological Survey Special Geologic Map, scale 1:500,000."
2841871,"Felsic and hornblendic gneisses, either separate or interlayered",gneiss,Proterozoic,Paleoproterozoic,1600,2500,"Major:{gneiss}, Minor:{metabasalt,metagraywacke}","Original map source: Green, G.N., 1992, The Digital Geologic Map of Colorado in ARC/INFO Format: U.S. Geological Survey Open-File Report 92-0507, 9 p., scale 1:500,000. Primary reference: Tweto, Ogden, 1979, Geologic Map of Colorado:  U.S. Geological Survey Special Geologic Map, scale 1:500,000."
2843189,Pierre Shale--Middle unit,shale,Mesozoic,Late Cretaceous,74.975,84.275,"Major:{shale}, Minor:{sandstone}","Original map source: Green, G.N., 1992, The Digital Geologic Map of Colorado in ARC/INFO Format: U.S. Geological Survey Open-File Report 92-0507, 9 p., scale 1:500,000. Primary reference: Tweto, Ogden, 1979, Geologic Map of Colorado:  U.S. Geological Survey Special Geologic Map, scale 1:500,000."
2854768,Older gravels and alluviums,alluvium,Cenozoic,Pleistocene,0.126,1.806,Major:{unconsolidated gravel},"Original map source: Green, G.N., 1992, The Digital Geologic Map of Colorado in ARC/INFO Format: U.S. Geological Survey Open-File Report 92-0507, 9 p., scale 1:500,000. Primary reference: Tweto, Ogden, 1979, Geologic Map of Colorado:  U.S. Geological Survey Special Geologic Map, scale 1:500,000."
2855574,"Felsic and hornblendic gneisses, either separate or interlayered",gneiss,Proterozoic,Paleoproterozoic,1600,2500,"Major:{gneiss}, Minor:{metabasalt,metagraywacke}","Original map source: Green, G.N., 1992, The Digital Geologic Map of Colorado in ARC/INFO Format: U.S. Geological Survey Open-File Report 92-0507, 9 p., scale 1:500,000. Primary reference: Tweto, Ogden, 1979, Geologic Map of Colorado:  U.S. Geological Survey Special Geologic Map, scale 1:500,000."
2855586,"Dakota Group and Morrison And Ralston Creek Fms at mountain front between Boulder and Colorado Springs.  Dakota, Purgatoire, Morrison, and Ralston Creek Fms in Canon City area",sandstone,Mesozoic,Mesozoic,100.5,163.5,"Major:{sandstone,shale,mudstone}, Minor:{claystone}","Original map source: Green, G.N., 1992, The Digital Geologic Map of Colorado in ARC/INFO Format: U.S. Geological Survey Open-File Report 92-0507, 9 p., scale 1:500,000. Primary reference: Tweto, Ogden, 1979, Geologic Map of Colorado:  U.S. Geological Survey Special Geologic Map, scale 1:500,000."
2855882,"Felsic and hornblendic gneisses, either separate or interlayered",gneiss,Proterozoic,Paleoproterozoic,1600,2500,"Major:{gneiss}, Minor:{metabasalt,metagraywacke}","Original map source: Green, G.N., 1992, The Digital Geologic Map of Colorado in ARC/INFO Format: U.S. Geological Survey Open-File Report 92-0507, 9 p., scale 1:500,000. Primary reference: Tweto, Ogden, 1979, Geologic Map of Colorado:  U.S. Geological Survey Special Geologic Map, scale 1:500,000."
2855894,Granitic rocks of 1700-m.y. age group,granite,Proterozoic,Paleoproterozoic,1600,2500,"Major:{granite}, Minor:{granodiorite,quartz monzonite}","Original map source: Green, G.N., 1992, The Digital Geologic Map of Colorado in ARC/INFO Format: U.S. Geological Survey Open-File Report 92-0507, 9 p., scale 1:500,000. Primary reference: Tweto, Ogden, 1979, Geologic Map of Colorado:  U.S. Geological Survey Special Geologic Map, scale 1:500,000."
2855909,Granitic rocks of 1700-m.y. age group,granite,Proterozoic,Paleoproterozoic,1600,2500,"Major:{granite}, Minor:{granodiorite,quartz monzonite}","Original map source: Green, G.N., 1992, The Digital Geologic Map of Colorado in ARC/INFO Format: U.S. Geological Survey Open-File Report 92-0507, 9 p., scale 1:500,000. Primary reference: Tweto, Ogden, 1979, Geologic Map of Colorado:  U.S. Geological Survey Special Geologic Map, scale 1:500,000."
2855986,Granitic rocks of 1400-m.y. age group,granite,Proterozoic,Mesoproterozoic,1000,1600,"Major:{alkali feldspar granite,granite}, Minor:{quartz monzonite}","Original map source: Green, G.N., 1992, The Digital Geologic Map of Colorado in ARC/INFO Format: U.S. Geological Survey Open-File Report 92-0507, 9 p., scale 1:500,000. Primary reference: Tweto, Ogden, 1979, Geologic Map of Colorado:  U.S. Geological Survey Special Geologic Map, scale 1:500,000."
2918678,water,,,,,,,"Original map source: Green, G.N., 1992, The Digital Geologic Map of Colorado in ARC/INFO Format: U.S. Geological Survey Open-File Report 92-0507, 9 p., scale 1:500,000."
2920998,water,,,,,,,"Original map source: Green, G.N., 1992, The Digital Geologic Map of Colorado in ARC/INFO Format: U.S. Geological Survey Open-File Report 92-0507, 9 p., scale 1:500,000."
2921305,water,,,,,,,"Original map source: Green, G.N., 1992, The Digital Geologic Map of Colorado in ARC/INFO Format: U.S. Geological Survey Open-File Report 92-0507, 9 p., scale 1:500,000."
2921316,water,,,,,,,"Original map source: Green, G.N., 1992, The Digital Geologic Map of Colorado in ARC/INFO Format: U.S. Geological Survey Open-File Report 92-0507, 9 p., scale 1:500,000."
2952571,Laramide intrusive rocks,granite,Mesozoic,Phanerozoic,37.8,72.1,"Major:{granitic,dioritic}","Original map source: Green, G.N., 1992, The Digital Geologic Map of Colorado in ARC/INFO Format: U.S. Geological Survey Open-File Report 92-0507, 9 p., scale 1:500,000. Primary reference: Tweto, Ogden, 1979, Geologic Map of Colorado:  U.S. Geological Survey Special Geologic Map, scale 1:500,000."
2954406,Denver and Arapahoe Fms,sandstone,Mesozoic,Phanerozoic,65.2667,69.0805,"Major:{sandstone,mudstone,conglomerate}, Minor:{claystone,andesite}","Original map source: Green, G.N., 1992, The Digital Geologic Map of Colorado in ARC/INFO Format: U.S. Geological Survey Open-File Report 92-0507, 9 p., scale 1:500,000. Primary reference: Tweto, Ogden, 1979, Geologic Map of Colorado:  U.S. Geological Survey Special Geologic Map, scale 1:500,000."
2957947,"Biotitic gneiss, schist, and migmatite",gneiss,Proterozoic,Paleoproterozoic,1600,2500,"Major:{biotite gneiss,schist,migmatite}, Minor:{gneiss,calc silicate schist,marble}","Original map source: Green, G.N., 1992, The Digital Geologic Map of Colorado in ARC/INFO Format: U.S. Geological Survey Open-File Report 92-0507, 9 p., scale 1:500,000. Primary reference: Tweto, Ogden, 1979, Geologic Map of Colorado:  U.S. Geological Survey Special Geologic Map, scale 1:500,000."
2960063,Gravels and alluviums,alluvium,Cenozoic,Pleistocene,0.0117,0.781,Major:{unconsolidated gravel},"Original map source: Green, G.N., 1992, The Digital Geologic Map of Colorado in ARC/INFO Format: U.S. Geological Survey Open-File Report 92-0507, 9 p., scale 1:500,000. Primary reference: Tweto, Ogden, 1979, Geologic Map of Colorado:  U.S. Geological Survey Special Geologic Map, scale 1:500,000."
2962864,Pierre Shale--Upper unit,shale,Mesozoic,Late Cretaceous,74.975,84.275,Major:{shale},"Original map source: Green, G.N., 1992, The Digital Geologic Map of Colorado in ARC/INFO Format: U.S. Geological Survey Open-File Report 92-0507, 9 p., scale 1:500,000. Primary reference: Tweto, Ogden, 1979, Geologic Map of Colorado:  U.S. Geological Survey Special Geologic Map, scale 1:500,000."
2965681,"Dakota Group and Morrison And Ralston Creek Fms at mountain front between Boulder and Colorado Springs.  Dakota, Purgatoire, Morrison, and Ralston Creek Fms in Canon City area",sandstone,Mesozoic,Jurassic,150.325,163.5,"Major:{sandstone,shale,mudstone}, Minor:{claystone}","Original map source: Green, G.N., 1992, The Digital Geologic Map of Colorado in ARC/INFO Format: U.S. Geological Survey Open-File Report 92-0507, 9 p., scale 1:500,000. Primary reference: Tweto, Ogden, 1979, Geologic Map of Colorado:  U.S. Geological Survey Special Geologic Map, scale 1:500,000."
2966014,Modern alluvium,alluvium,Cenozoic,Cenozoic,,2.588,Major:{unconsolidated alluvium},"Original map source: Green, G.N., 1992, The Digital Geologic Map of Colorado in ARC/INFO Format: U.S. Geological Survey Open-File Report 92-0507, 9 p., scale 1:500,000. Primary reference: Tweto, Ogden, 1979, Geologic Map of Colorado:  U.S. Geological Survey Special Geologic Map, scale 1:500,000."
2971251,Gravels and alluviums,alluvium,Cenozoic,Pleistocene,0.0117,0.781,Major:{unconsolidated gravel},"Original map source: Green, G.N., 1992, The Digital Geologic Map of Colorado in ARC/INFO Format: U.S. Geological Survey Open-File Report 92-0507, 9 p., scale 1:500,000. Primary reference: Tweto, Ogden, 1979, Geologic Map of Colorado:  U.S. Geological Survey Special Geologic Map, scale 1:500,000."
2974958,"Pierre Shale (Kp), Niobrara (Kn), and Carlile, Greenhorn, and Graneros (Kcg) Fms, undivided",shale,Mesozoic,Late Cretaceous,74.975,98.85,"Major:{shale,limestone}","Original map source: Green, G.N., 1992, The Digital Geologic Map of Colorado in ARC/INFO Format: U.S. Geological Survey Open-File Report 92-0507, 9 p., scale 1:500,000. Primary reference: Tweto, Ogden, 1979, Geologic Map of Colorado:  U.S. Geological Survey Special Geologic Map, scale 1:500,000."
2975075,Upper part of Dawson Arkose,sandstone,Cenozoic,Danian,64.5333,66,"Major:{arkose,conglomerate,shale}","Original map source: Green, G.N., 1992, The Digital Geologic Map of Colorado in ARC/INFO Format: U.S. Geological Survey Open-File Report 92-0507, 9 p., scale 1:500,000. Primary reference: Tweto, Ogden, 1979, Geologic Map of Colorado:  U.S. Geological Survey Special Geologic Map, scale 1:500,000."
2977433,Basaltic flows in Denver Fm near Golden,basalt,Mesozoic,Phanerozoic,65.2667,67.037,Major:{basalt},"Original map source: Green, G.N., 1992, The Digital Geologic Map of Colorado in ARC/INFO Format: U.S. Geological Survey Open-File Report 92-0507, 9 p., scale 1:500,000. Primary reference: Tweto, Ogden, 1979, Geologic Map of Colorado:  U.S. Geological Survey Special Geologic Map, scale 1:500,000."
2980507,"Dakota Group and Morrison And Ralston Creek Fms at mountain front between Boulder and Colorado Springs.  Dakota, Purgatoire, Morrison, and Ralston Creek Fms in Canon City area",sandstone,Mesozoic,Jurassic,150.325,163.5,"Major:{sandstone,shale,mudstone}, Minor:{claystone}","Original map source: Green, G.N., 1992, The Digital Geologic Map of Colorado in ARC/INFO Format: U.S. Geological Survey Open-File Report 92-0507, 9 p., scale 1:500,000. Primary reference: Tweto, Ogden, 1979, Geologic Map of Colorado:  U.S. Geological Survey Special Geologic Map, scale 1:500,000."
2989446,Gravels and alluviums,alluvium,Cenozoic,Pleistocene,0.0117,0.781,Major:{unconsolidated gravel},"Original map source: Green, G.N., 1992, The Digital Geologic Map of Colorado in ARC/INFO Format: U.S. Geological Survey Open-File Report 92-0507, 9 p., scale 1:500,000. Primary reference: Tweto, Ogden, 1979, Geologic Map of Colorado:  U.S. Geological Survey Special Geologic Map, scale 1:500,000."
3001358,Lykins Lyons and Fountain Fms,sandstone,Paleozoic,Phanerozoic,245.9,320.05,"Major:{siltstone,sandstone,conglomerate}","Original map source: Green, G.N., 1992, The Digital Geologic Map of Colorado in ARC/INFO Format: U.S. Geological Survey Open-File Report 92-0507, 9 p., scale 1:500,000. Primary reference: Tweto, Ogden, 1979, Geologic Map of Colorado:  U.S. Geological Survey Special Geologic Map, scale 1:500,000."
3003576,Bouldery gravel on old erosion surfaces in Front Range and Never Summer Mountains,alluvium,Cenozoic,Neogene,2.588,23.03,Major:{gravel},"Original map source: Green, G.N., 1992, The Digital Geologic Map of Colorado in ARC/INFO Format: U.S. Geological Survey Open-File Report 92-0507, 9 p., scale 1:500,000. Primary reference: Tweto, Ogden, 1979, Geologic Map of Colorado:  U.S. Geological Survey Special Geologic Map, scale 1:500,000."
3003626,"Pierre Shale (Kp), Niobrara (Kn), and Carlile, Greenhorn, and Graneros (Kcg) Fms, undivided",shale,Mesozoic,Late Cretaceous,74.975,98.85,"Major:{shale,limestone}","Original map source: Green, G.N., 1992, The Digital Geologic Map of Colorado in ARC/INFO Format: U.S. Geological Survey Open-File Report 92-0507, 9 p., scale 1:500,000. Primary reference: Tweto, Ogden, 1979, Geologic Map of Colorado:  U.S. Geological Survey Special Geologic Map, scale 1:500,000."
3004815,"Pierre Shale, undivided",shale,Mesozoic,Late Cretaceous,74.975,84.275,Major:{shale},"Original map source: Green, G.N., 1992, The Digital Geologic Map of Colorado in ARC/INFO Format: U.S. Geological Survey Open-File Report 92-0507, 9 p., scale 1:500,000. Primary reference: Tweto, Ogden, 1979, Geologic Map of Colorado:  U.S. Geological Survey Special Geologic Map, scale 1:500,000."
3006567,Laramie Fm and Fox Hills Sandstone,sandstone,Mesozoic,Late Cretaceous,69.0805,74.975,"Major:{sandstone,shale,claystone}","Original map source: Green, G.N., 1992, The Digital Geologic Map of Colorado in ARC/INFO Format: U.S. Geological Survey Open-File Report 92-0507, 9 p., scale 1:500,000. Primary reference: Tweto, Ogden, 1979, Geologic Map of Colorado:  U.S. Geological Survey Special Geologic Map, scale 1:500,000."
3014794,Lykins Fm and Lyons Sandstone,sandstone,Paleozoic,Phanerozoic,245.9,282,"Major:{sandstone,shale,limestone}, Minor:{siltstone}","Original map source: Green, G.N., 1992, The Digital Geologic Map of Colorado in ARC/INFO Format: U.S. Geological Survey Open-File Report 92-0507, 9 p., scale 1:500,000. Primary reference: Tweto, Ogden, 1979, Geologic Map of Colorado:  U.S. Geological Survey Special Geologic Map, scale 1:500,000."
3018520,"Dakota Group and Morrison And Ralston Creek Fms at mountain front between Boulder and Colorado Springs.  Dakota, Purgatoire, Morrison, and Ralston Creek Fms in Canon City area",sandstone,Mesozoic,Jurassic,150.325,163.5,"Major:{sandstone,shale,mudstone}, Minor:{claystone}","Original map source: Green, G.N., 1992, The Digital Geologic Map of Colorado in ARC/INFO Format: U.S. Geological Survey Open-File Report 92-0507, 9 p., scale 1:500,000. Primary reference: Tweto, Ogden, 1979, Geologic Map of Colorado:  U.S. Geological Survey Special Geologic Map, scale 1:500,000."
3027038,"Biotitic gneiss, schist, and migmatite",gneiss,Proterozoic,Paleoproterozoic,1600,2500,"Major:{biotite gneiss,schist,migmatite}, Minor:{gneiss,calc silicate schist,marble}","Original map source: Green, G.N., 1992, The Digital Geologic Map of Colorado in ARC/INFO Format: U.S. Geological Survey Open-File Report 92-0507, 9 p., scale 1:500,000. Primary reference: Tweto, Ogden, 1979, Geologic Map of Colorado:  U.S. Geological Survey Special Geologic Map, scale 1:500,000."
